{"cameraMode":{"drawMode":0,"name":"Shaded","section":"Shading Mode"},"sceneLighting":true,"audioPlay":false,"sceneViewState":{"m_AlwaysRefresh":false,"showFog":true,"showSkybox":true,"showFlares":true,"showImageEffects":true,"showParticleSystems":true,"showVisualEffectGraphs":true,"m_FxEnabled":true},"in2DMode":false,"pivot":{"x":2.8343570232391359,"y":3.7471208572387697,"z":-6.408334732055664},"rotation":{"x":0.07867494970560074,"y":-0.21380643546581269,"z":0.020443854853510858,"w":0.9736166000366211},"size":1.8990213871002198,"orthographic":false}