{"cameraMode":{"drawMode":0,"name":"Shaded","section":"Shading Mode"},"sceneLighting":true,"audioPlay":false,"sceneViewState":{"m_AlwaysRefresh":false,"showFog":true,"showSkybox":true,"showFlares":true,"showImageEffects":true,"showParticleSystems":true,"showVisualEffectGraphs":true,"m_FxEnabled":true},"in2DMode":false,"pivot":{"x":-58.102012634277347,"y":-16.440065383911134,"z":72.37141418457031},"rotation":{"x":-0.09003312140703201,"y":0.31981733441352847,"z":-0.033934883773326877,"w":-0.9426150918006897},"size":51.48412322998047,"orthographic":false}